Model,RMSE,R²
Linear Regression,1101.2080040861035,0.8203981933786103
Random Forest,576.4568823872772,0.9507840764175022
